Mon May 18 2020,9999999999999999074
Mon May 18 2020,9999999999999999007
Mon May 18 2020,1130000000000000000
Mon May 18 2020,1130000000000000001
Mon May 18 2020,1130000000000000002
Mon May 18 2020,1130000000000000003
Mon May 18 2020,1130000000000000004
Mon May 18 2020,1130000000000000005
Mon May 18 2020,1130000000000000006
Mon May 18 2020,1130000000000000007
Mon May 18 2020,1130000000000000008
Mon May 18 2020,1130000000000000009
Mon May 18 2020,1130000000000000010
Mon May 18 2020,1130000000000000011
Mon May 18 2020,1130000000000000012
Mon May 18 2020,1130000000000000013
Mon May 18 2020,1130000000000000014
Mon May 18 2020,1130000000000000015
Mon May 18 2020,1130000000000000016
Mon May 18 2020,1130000000000000017
Mon May 18 2020,1130000000000000018
Mon May 18 2020,1130000000000000019
Mon May 18 2020,1130000000000000020
Mon May 18 2020,1130000000000000021
Mon May 18 2020,1130000000000000022
Mon May 18 2020,1130000000000000023
Mon May 18 2020,1130000000000000024
Mon May 18 2020,1130000000000000025
Mon May 18 2020,1130000000000000026
Mon May 18 2020,1130000000000000027
Mon May 18 2020,1130000000000000028
Mon May 18 2020,1130000000000000029
Mon May 18 2020,1130000000000000030
Mon May 18 2020,1130000000000000031
Mon May 18 2020,1130000000000000032
Mon May 18 2020,1130000000000000033
Mon May 18 2020,1130000000000000034
Mon May 18 2020,1130000000000000035
Mon May 18 2020,1130000000000000036
Mon May 18 2020,1130000000000000037
Mon May 18 2020,1130000000000000038
Mon May 18 2020,1130000000000000039
Mon May 18 2020,1130000000000000040
Mon May 18 2020,1130000000000000041
Mon May 18 2020,1130000000000000042
Mon May 18 2020,1130000000000000043
Mon May 18 2020,1130000000000000044
Mon May 18 2020,1130000000000000045
Mon May 18 2020,1130000000000000046
Mon May 18 2020,1130000000000000047
Mon May 18 2020,1130000000000000048
Mon May 18 2020,1130000000000000049
Mon May 18 2020,1130000000000000050
Mon May 18 2020,1130000000000000051
Mon May 18 2020,1130000000000000052
Mon May 18 2020,1130000000000000053
Mon May 18 2020,1130000000000000054
Mon May 18 2020,1130000000000000055
Mon May 18 2020,1130000000000000056
Mon May 18 2020,1130000000000000057
Mon May 18 2020,1130000000000000058
Mon May 18 2020,1130000000000000059
Mon May 18 2020,1130000000000000060
Mon May 18 2020,1130000000000000061
Mon May 18 2020,1130000000000000062
Mon May 18 2020,1130000000000000063
Mon May 18 2020,1130000000000000064
Mon May 18 2020,1130000000000000065
Mon May 18 2020,1130000000000000066
Mon May 18 2020,1130000000000000067
Mon May 18 2020,1130000000000000068
Mon May 18 2020,1130000000000000069
Mon May 18 2020,1130000000000000070
Mon May 18 2020,1130000000000000071
Mon May 18 2020,1130000000000000072
Mon May 18 2020,1130000000000000073
Mon May 18 2020,1130000000000000074
Mon May 18 2020,1130000000000000075
Mon May 18 2020,1130000000000000076
Mon May 18 2020,1130000000000000077
Mon May 18 2020,1130000000000000078
Mon May 18 2020,1130000000000000079
Mon May 18 2020,1130000000000000080
Mon May 18 2020,1130000000000000081
Mon May 18 2020,1130000000000000082
Mon May 18 2020,1130000000000000083
Mon May 18 2020,1130000000000000084
Mon May 18 2020,1130000000000000085
Mon May 18 2020,1130000000000000086
Mon May 18 2020,1130000000000000087
Mon May 18 2020,1130000000000000088
Mon May 18 2020,1130000000000000089
Mon May 18 2020,1130000000000000090
Mon May 18 2020,1130000000000000091
Mon May 18 2020,1130000000000000092
Mon May 18 2020,1130000000000000093
Mon May 18 2020,1130000000000000094
Mon May 18 2020,1130000000000000095
Mon May 18 2020,1130000000000000096
Mon May 18 2020,1130000000000000097
Mon May 18 2020,1130000000000000098
Mon May 18 2020,1130000000000000099
Mon May 18 2020,1130000000000000100
Mon May 18 2020,1130000000000000101
Mon May 18 2020,1130000000000000102
Mon May 18 2020,1130000000000000103
Mon May 18 2020,1130000000000000104
Mon May 18 2020,1130000000000000105
Mon May 18 2020,1130000000000000106
Mon May 18 2020,1130000000000000107
Mon May 18 2020,1130000000000000108
Mon May 18 2020,1130000000000000109
Mon May 18 2020,1130000000000000110
Mon May 18 2020,1130000000000000111
Mon May 18 2020,1130000000000000112
Mon May 18 2020,1130000000000000113
Mon May 18 2020,1130000000000000114
Mon May 18 2020,1130000000000000115
Mon May 18 2020,1130000000000000116
Mon May 18 2020,1130000000000000117
Mon May 18 2020,1130000000000000118
Mon May 18 2020,1130000000000000119
Mon May 18 2020,1130000000000000120
Mon May 18 2020,1130000000000000121
Mon May 18 2020,1130000000000000122
Mon May 18 2020,1130000000000000123
Mon May 18 2020,1130000000000000124
Mon May 18 2020,1130000000000000125
Mon May 18 2020,1130000000000000126
Mon May 18 2020,1130000000000000127
Mon May 18 2020,1130000000000000128
Mon May 18 2020,1130000000000000129
Mon May 18 2020,1130000000000000130
Mon May 18 2020,1130000000000000131
Mon May 18 2020,1130000000000000132
Mon May 18 2020,1130000000000000133
Mon May 18 2020,1130000000000000134
Mon May 18 2020,1130000000000000135
Mon May 18 2020,1130000000000000136
Mon May 18 2020,1130000000000000137
Mon May 18 2020,1130000000000000138
Mon May 18 2020,1130000000000000139
Mon May 18 2020,1130000000000000140
Mon May 18 2020,1130000000000000141
Mon May 18 2020,1130000000000000142
Mon May 18 2020,1130000000000000143
Mon May 18 2020,1130000000000000144
Mon May 18 2020,1130000000000000145
Mon May 18 2020,1130000000000000146
Tue May 19 2020,9999999999999999015
Tue May 19 2020,9999999999999999004
Tue May 19 2020,9999999999999999063
Tue May 19 2020,9999999999999999078
Tue May 19 2020,1230000000000000000
Tue May 19 2020,1230000000000000001
Tue May 19 2020,1230000000000000002
Tue May 19 2020,1230000000000000003
Tue May 19 2020,1230000000000000004
Tue May 19 2020,1230000000000000005
Tue May 19 2020,1230000000000000006
Tue May 19 2020,1230000000000000007
Tue May 19 2020,1230000000000000008
Tue May 19 2020,1230000000000000009
Tue May 19 2020,1230000000000000010
Tue May 19 2020,1230000000000000011
Tue May 19 2020,1230000000000000012
Tue May 19 2020,1230000000000000013
Tue May 19 2020,1230000000000000014
Tue May 19 2020,1230000000000000015
Tue May 19 2020,1230000000000000016
Tue May 19 2020,1230000000000000017
Tue May 19 2020,1230000000000000018
Tue May 19 2020,1230000000000000019
Tue May 19 2020,1230000000000000020
Tue May 19 2020,1230000000000000021
Tue May 19 2020,1230000000000000022
Tue May 19 2020,1230000000000000023
Tue May 19 2020,1230000000000000024
Tue May 19 2020,1230000000000000025
Tue May 19 2020,1230000000000000026
Tue May 19 2020,1230000000000000027
Tue May 19 2020,1230000000000000028
Tue May 19 2020,1230000000000000029
Tue May 19 2020,1230000000000000030
Tue May 19 2020,1230000000000000031
Tue May 19 2020,1230000000000000032
Tue May 19 2020,1230000000000000033
Tue May 19 2020,1230000000000000034
Tue May 19 2020,1230000000000000035
Tue May 19 2020,1230000000000000036
Tue May 19 2020,1230000000000000037
Tue May 19 2020,1230000000000000038
Tue May 19 2020,1230000000000000039
Tue May 19 2020,1230000000000000040
Tue May 19 2020,1230000000000000041
Tue May 19 2020,1230000000000000042
Tue May 19 2020,1230000000000000043
Tue May 19 2020,1230000000000000044
Tue May 19 2020,1230000000000000045
Tue May 19 2020,1230000000000000046
Tue May 19 2020,1230000000000000047
Tue May 19 2020,1230000000000000048
Tue May 19 2020,1230000000000000049
Tue May 19 2020,1230000000000000050
Tue May 19 2020,1230000000000000051
Tue May 19 2020,1230000000000000052
Tue May 19 2020,1230000000000000053
Tue May 19 2020,1230000000000000054
Tue May 19 2020,1230000000000000055
Tue May 19 2020,1230000000000000056
Tue May 19 2020,1230000000000000057
Tue May 19 2020,1230000000000000058
Tue May 19 2020,1230000000000000059
Tue May 19 2020,1230000000000000060
Tue May 19 2020,1230000000000000061
Tue May 19 2020,1230000000000000062
Tue May 19 2020,1230000000000000063
Tue May 19 2020,1230000000000000064
Tue May 19 2020,1230000000000000065
Tue May 19 2020,1230000000000000066
Tue May 19 2020,1230000000000000067
Tue May 19 2020,1230000000000000068
Tue May 19 2020,1230000000000000069
Tue May 19 2020,1230000000000000070
Tue May 19 2020,1230000000000000071
Tue May 19 2020,1230000000000000072
Tue May 19 2020,1230000000000000073
Tue May 19 2020,1230000000000000074
Tue May 19 2020,1230000000000000075
Tue May 19 2020,1230000000000000076
Tue May 19 2020,1230000000000000077
Tue May 19 2020,1230000000000000078
Tue May 19 2020,1230000000000000079
Tue May 19 2020,1230000000000000080
Tue May 19 2020,1230000000000000081
Tue May 19 2020,1230000000000000082
Tue May 19 2020,1230000000000000083
Tue May 19 2020,1230000000000000084
Tue May 19 2020,1230000000000000085
Tue May 19 2020,1230000000000000086
Tue May 19 2020,1230000000000000087
Tue May 19 2020,1230000000000000088
Tue May 19 2020,1230000000000000089
Tue May 19 2020,1230000000000000090
Tue May 19 2020,1230000000000000091
Tue May 19 2020,1230000000000000092
Tue May 19 2020,1230000000000000093
Tue May 19 2020,1230000000000000094
Tue May 19 2020,1230000000000000095
Tue May 19 2020,1230000000000000096
Tue May 19 2020,1230000000000000097
Tue May 19 2020,1230000000000000098
Tue May 19 2020,1230000000000000099
Tue May 19 2020,1230000000000000100
Tue May 19 2020,1230000000000000101
Tue May 19 2020,1230000000000000102
Tue May 19 2020,1230000000000000103
Tue May 19 2020,1230000000000000104
Tue May 19 2020,1230000000000000105
Tue May 19 2020,1230000000000000106
Tue May 19 2020,1230000000000000107
Tue May 19 2020,1230000000000000108
Tue May 19 2020,1230000000000000109
Tue May 19 2020,1230000000000000110
Tue May 19 2020,1230000000000000111
Tue May 19 2020,1230000000000000112
Tue May 19 2020,1230000000000000113
Tue May 19 2020,1230000000000000114
Tue May 19 2020,1230000000000000115
Tue May 19 2020,1230000000000000116
Tue May 19 2020,1230000000000000117
Tue May 19 2020,1230000000000000118
Tue May 19 2020,1230000000000000119
Tue May 19 2020,1230000000000000120
Tue May 19 2020,1230000000000000121
Tue May 19 2020,1230000000000000122
Tue May 19 2020,1230000000000000123
Tue May 19 2020,1230000000000000124
Tue May 19 2020,1230000000000000125
Tue May 19 2020,1230000000000000126
Tue May 19 2020,1230000000000000127
Tue May 19 2020,1230000000000000128
Tue May 19 2020,1230000000000000129
Tue May 19 2020,1230000000000000130
Tue May 19 2020,1230000000000000131
Tue May 19 2020,1230000000000000132
Tue May 19 2020,1230000000000000133
Tue May 19 2020,1230000000000000134
Tue May 19 2020,1230000000000000135
Tue May 19 2020,1230000000000000136
Tue May 19 2020,1230000000000000137
Tue May 19 2020,1230000000000000138
Tue May 19 2020,1230000000000000139
Tue May 19 2020,1230000000000000140
Tue May 19 2020,1230000000000000141
Tue May 19 2020,1230000000000000142
Tue May 19 2020,1230000000000000143
Tue May 19 2020,1230000000000000144
Tue May 19 2020,1230000000000000145
Tue May 19 2020,1230000000000000146
Tue May 19 2020,1230000000000000147
Tue May 19 2020,1230000000000000148
Tue May 19 2020,1230000000000000149
Tue May 19 2020,1230000000000000150
Tue May 19 2020,1230000000000000151
Tue May 19 2020,1230000000000000152
Tue May 19 2020,1230000000000000153
Tue May 19 2020,1230000000000000154
Tue May 19 2020,1230000000000000155
Tue May 19 2020,1230000000000000156
Tue May 19 2020,1230000000000000157
Tue May 19 2020,1230000000000000158
Tue May 19 2020,1230000000000000159
Tue May 19 2020,1230000000000000160
Tue May 19 2020,1230000000000000161
Wed May 20 2020,9999999999999999044
Wed May 20 2020,9999999999999999077
Wed May 20 2020,9999999999999999050
Wed May 20 2020,9999999999999999069
Wed May 20 2020,9999999999999999074
Wed May 20 2020,9999999999999999024
Wed May 20 2020,9999999999999999068
Wed May 20 2020,9999999999999999077
Wed May 20 2020,9999999999999999058
Wed May 20 2020,9999999999999999040
Wed May 20 2020,9999999999999999016
Wed May 20 2020,9999999999999999075
Wed May 20 2020,1330000000000000000
Wed May 20 2020,1330000000000000001
Wed May 20 2020,1330000000000000002
Wed May 20 2020,1330000000000000003
Wed May 20 2020,1330000000000000004
Wed May 20 2020,1330000000000000005
Wed May 20 2020,1330000000000000006
Wed May 20 2020,1330000000000000007
Wed May 20 2020,1330000000000000008
Wed May 20 2020,1330000000000000009
Wed May 20 2020,1330000000000000010
Wed May 20 2020,1330000000000000011
Wed May 20 2020,1330000000000000012
Wed May 20 2020,1330000000000000013
Wed May 20 2020,1330000000000000014
Wed May 20 2020,1330000000000000015
Wed May 20 2020,1330000000000000016
Wed May 20 2020,1330000000000000017
Wed May 20 2020,1330000000000000018
Wed May 20 2020,1330000000000000019
Wed May 20 2020,1330000000000000020
Wed May 20 2020,1330000000000000021
Wed May 20 2020,1330000000000000022
Wed May 20 2020,1330000000000000023
Wed May 20 2020,1330000000000000024
Wed May 20 2020,1330000000000000025
Wed May 20 2020,1330000000000000026
Wed May 20 2020,1330000000000000027
Wed May 20 2020,1330000000000000028
Wed May 20 2020,1330000000000000029
Wed May 20 2020,1330000000000000030
Wed May 20 2020,1330000000000000031
Wed May 20 2020,1330000000000000032
Wed May 20 2020,1330000000000000033
Wed May 20 2020,1330000000000000034
Wed May 20 2020,1330000000000000035
Wed May 20 2020,1330000000000000036
Wed May 20 2020,1330000000000000037
Wed May 20 2020,1330000000000000038
Wed May 20 2020,1330000000000000039
Wed May 20 2020,1330000000000000040
Wed May 20 2020,1330000000000000041
Wed May 20 2020,1330000000000000042
Wed May 20 2020,1330000000000000043
Wed May 20 2020,1330000000000000044
Wed May 20 2020,1330000000000000045
Wed May 20 2020,1330000000000000046
Wed May 20 2020,1330000000000000047
Wed May 20 2020,1330000000000000048
Wed May 20 2020,1330000000000000049
Wed May 20 2020,1330000000000000050
Wed May 20 2020,1330000000000000051
Wed May 20 2020,1330000000000000052
Wed May 20 2020,1330000000000000053
Wed May 20 2020,1330000000000000054
Wed May 20 2020,1330000000000000055
Wed May 20 2020,1330000000000000056
Wed May 20 2020,1330000000000000057
Wed May 20 2020,1330000000000000058
Wed May 20 2020,1330000000000000059
Wed May 20 2020,1330000000000000060
Wed May 20 2020,1330000000000000061
Wed May 20 2020,1330000000000000062
Wed May 20 2020,1330000000000000063
Wed May 20 2020,1330000000000000064
Wed May 20 2020,1330000000000000065
Wed May 20 2020,1330000000000000066
Wed May 20 2020,1330000000000000067
Wed May 20 2020,1330000000000000068
Wed May 20 2020,1330000000000000069
Wed May 20 2020,1330000000000000070
Wed May 20 2020,1330000000000000071
Wed May 20 2020,1330000000000000072
Wed May 20 2020,1330000000000000073
Wed May 20 2020,1330000000000000074
Wed May 20 2020,1330000000000000075
Wed May 20 2020,1330000000000000076
Wed May 20 2020,1330000000000000077
Wed May 20 2020,1330000000000000078
Wed May 20 2020,1330000000000000079
Wed May 20 2020,1330000000000000080
Wed May 20 2020,1330000000000000081
Wed May 20 2020,1330000000000000082
Wed May 20 2020,1330000000000000083
Wed May 20 2020,1330000000000000084
Wed May 20 2020,1330000000000000085
Wed May 20 2020,1330000000000000086
Wed May 20 2020,1330000000000000087
Wed May 20 2020,1330000000000000088
Wed May 20 2020,1330000000000000089
Wed May 20 2020,1330000000000000090
Wed May 20 2020,1330000000000000091
Wed May 20 2020,1330000000000000092
Wed May 20 2020,1330000000000000093
Wed May 20 2020,1330000000000000094
Wed May 20 2020,1330000000000000095
Wed May 20 2020,1330000000000000096
Wed May 20 2020,1330000000000000097
Wed May 20 2020,1330000000000000098
Wed May 20 2020,1330000000000000099
Wed May 20 2020,1330000000000000100
Wed May 20 2020,1330000000000000101
Wed May 20 2020,1330000000000000102
Wed May 20 2020,1330000000000000103
Wed May 20 2020,1330000000000000104
Wed May 20 2020,1330000000000000105
Wed May 20 2020,1330000000000000106
Wed May 20 2020,1330000000000000107
Wed May 20 2020,1330000000000000108
Wed May 20 2020,1330000000000000109
Wed May 20 2020,1330000000000000110
Wed May 20 2020,1330000000000000111
Wed May 20 2020,1330000000000000112
Wed May 20 2020,1330000000000000113
Wed May 20 2020,1330000000000000114
Wed May 20 2020,1330000000000000115
Wed May 20 2020,1330000000000000116
Wed May 20 2020,1330000000000000117
Wed May 20 2020,1330000000000000118
Wed May 20 2020,1330000000000000119
Wed May 20 2020,1330000000000000120
Wed May 20 2020,1330000000000000121
Wed May 20 2020,1330000000000000122
Wed May 20 2020,1330000000000000123
Wed May 20 2020,1330000000000000124
Wed May 20 2020,1330000000000000125
Wed May 20 2020,1330000000000000126
Wed May 20 2020,1330000000000000127
Wed May 20 2020,1330000000000000128
Wed May 20 2020,1330000000000000129
Wed May 20 2020,1330000000000000130
Wed May 20 2020,1330000000000000131
Wed May 20 2020,1330000000000000132
Wed May 20 2020,1330000000000000133
Wed May 20 2020,1330000000000000134
Wed May 20 2020,1330000000000000135
Wed May 20 2020,1330000000000000136
Wed May 20 2020,1330000000000000137
Wed May 20 2020,1330000000000000138
Wed May 20 2020,1330000000000000139
Wed May 20 2020,1330000000000000140
Wed May 20 2020,1330000000000000141
Wed May 20 2020,1330000000000000142
Wed May 20 2020,1330000000000000143
Wed May 20 2020,1330000000000000144
Wed May 20 2020,1330000000000000145
Wed May 20 2020,1330000000000000146
Wed May 20 2020,1330000000000000147
Wed May 20 2020,1330000000000000148
Wed May 20 2020,1330000000000000149
Wed May 20 2020,1330000000000000150
Wed May 20 2020,1330000000000000151
Wed May 20 2020,1330000000000000152
Wed May 20 2020,1330000000000000153
Wed May 20 2020,1330000000000000154
Wed May 20 2020,1330000000000000155
Wed May 20 2020,1330000000000000156
Wed May 20 2020,1330000000000000157
Wed May 20 2020,1330000000000000158
Wed May 20 2020,1330000000000000159
Wed May 20 2020,1330000000000000160
Wed May 20 2020,1330000000000000161
Wed May 20 2020,1330000000000000162
Wed May 20 2020,1330000000000000163
Wed May 20 2020,1330000000000000164
Wed May 20 2020,1330000000000000165
Wed May 20 2020,1330000000000000166
Wed May 20 2020,1330000000000000167
Wed May 20 2020,1330000000000000168
Wed May 20 2020,1330000000000000169
Wed May 20 2020,1330000000000000170
Wed May 20 2020,1330000000000000171
Wed May 20 2020,1330000000000000172
Wed May 20 2020,1330000000000000173
Wed May 20 2020,1330000000000000174
Wed May 20 2020,1330000000000000175
Wed May 20 2020,1330000000000000176
Wed May 20 2020,1330000000000000177
Wed May 20 2020,1330000000000000178
Thr May 21 2020,9999999999999999067
Thr May 21 2020,9999999999999999063
Thr May 21 2020,9999999999999999078
Thr May 21 2020,9999999999999999028
Thr May 21 2020,9999999999999999014
Thr May 21 2020,9999999999999999082
Thr May 21 2020,9999999999999999002
Thr May 21 2020,9999999999999999053
Thr May 21 2020,1430000000000000000
Thr May 21 2020,1430000000000000001
Thr May 21 2020,1430000000000000002
Thr May 21 2020,1430000000000000003
Thr May 21 2020,1430000000000000004
Thr May 21 2020,1430000000000000005
Thr May 21 2020,1430000000000000006
Thr May 21 2020,1430000000000000007
Thr May 21 2020,1430000000000000008
Thr May 21 2020,1430000000000000009
Thr May 21 2020,1430000000000000010
Thr May 21 2020,1430000000000000011
Thr May 21 2020,1430000000000000012
Thr May 21 2020,1430000000000000013
Thr May 21 2020,1430000000000000014
Thr May 21 2020,1430000000000000015
Thr May 21 2020,1430000000000000016
Thr May 21 2020,1430000000000000017
Thr May 21 2020,1430000000000000018
Thr May 21 2020,1430000000000000019
Thr May 21 2020,1430000000000000020
Thr May 21 2020,1430000000000000021
Thr May 21 2020,1430000000000000022
Thr May 21 2020,1430000000000000023
Thr May 21 2020,1430000000000000024
Thr May 21 2020,1430000000000000025
Thr May 21 2020,1430000000000000026
Thr May 21 2020,1430000000000000027
Thr May 21 2020,1430000000000000028
Thr May 21 2020,1430000000000000029
Thr May 21 2020,1430000000000000030
Thr May 21 2020,1430000000000000031
Thr May 21 2020,1430000000000000032
Thr May 21 2020,1430000000000000033
Thr May 21 2020,1430000000000000034
Thr May 21 2020,1430000000000000035
Thr May 21 2020,1430000000000000036
Thr May 21 2020,1430000000000000037
Thr May 21 2020,1430000000000000038
Thr May 21 2020,1430000000000000039
Thr May 21 2020,1430000000000000040
Thr May 21 2020,1430000000000000041
Thr May 21 2020,1430000000000000042
Thr May 21 2020,1430000000000000043
Thr May 21 2020,1430000000000000044
Thr May 21 2020,1430000000000000045
Thr May 21 2020,1430000000000000046
Thr May 21 2020,1430000000000000047
Thr May 21 2020,1430000000000000048
Thr May 21 2020,1430000000000000049
Thr May 21 2020,1430000000000000050
Thr May 21 2020,1430000000000000051
Thr May 21 2020,1430000000000000052
Thr May 21 2020,1430000000000000053
Thr May 21 2020,1430000000000000054
Thr May 21 2020,1430000000000000055
Thr May 21 2020,1430000000000000056
Thr May 21 2020,1430000000000000057
Thr May 21 2020,1430000000000000058
Thr May 21 2020,1430000000000000059
Thr May 21 2020,1430000000000000060
Thr May 21 2020,1430000000000000061
Thr May 21 2020,1430000000000000062
Thr May 21 2020,1430000000000000063
Thr May 21 2020,1430000000000000064
Thr May 21 2020,1430000000000000065
Thr May 21 2020,1430000000000000066
Thr May 21 2020,1430000000000000067
Thr May 21 2020,1430000000000000068
Thr May 21 2020,1430000000000000069
Thr May 21 2020,1430000000000000070
Thr May 21 2020,1430000000000000071
Thr May 21 2020,1430000000000000072
Thr May 21 2020,1430000000000000073
Thr May 21 2020,1430000000000000074
Thr May 21 2020,1430000000000000075
Thr May 21 2020,1430000000000000076
Thr May 21 2020,1430000000000000077
Thr May 21 2020,1430000000000000078
Thr May 21 2020,1430000000000000079
Thr May 21 2020,1430000000000000080
Thr May 21 2020,1430000000000000081
Thr May 21 2020,1430000000000000082
Thr May 21 2020,1430000000000000083
Thr May 21 2020,1430000000000000084
Thr May 21 2020,1430000000000000085
Thr May 21 2020,1430000000000000086
Thr May 21 2020,1430000000000000087
Thr May 21 2020,1430000000000000088
Thr May 21 2020,1430000000000000089
Thr May 21 2020,1430000000000000090
Thr May 21 2020,1430000000000000091
Thr May 21 2020,1430000000000000092
Thr May 21 2020,1430000000000000093
Thr May 21 2020,1430000000000000094
Thr May 21 2020,1430000000000000095
Thr May 21 2020,1430000000000000096
Thr May 21 2020,1430000000000000097
Thr May 21 2020,1430000000000000098
Thr May 21 2020,1430000000000000099
Thr May 21 2020,1430000000000000100
Thr May 21 2020,1430000000000000101
Thr May 21 2020,1430000000000000102
Thr May 21 2020,1430000000000000103
Thr May 21 2020,1430000000000000104
Thr May 21 2020,1430000000000000105
Thr May 21 2020,1430000000000000106
Thr May 21 2020,1430000000000000107
Thr May 21 2020,1430000000000000108
Thr May 21 2020,1430000000000000109
Thr May 21 2020,1430000000000000110
Thr May 21 2020,1430000000000000111
Thr May 21 2020,1430000000000000112
Thr May 21 2020,1430000000000000113
Thr May 21 2020,1430000000000000114
Thr May 21 2020,1430000000000000115
Thr May 21 2020,1430000000000000116
Thr May 21 2020,1430000000000000117
Thr May 21 2020,1430000000000000118
Thr May 21 2020,1430000000000000119
Thr May 21 2020,1430000000000000120
Thr May 21 2020,1430000000000000121
Thr May 21 2020,1430000000000000122
Thr May 21 2020,1430000000000000123
Thr May 21 2020,1430000000000000124
Thr May 21 2020,1430000000000000125
Thr May 21 2020,1430000000000000126
Thr May 21 2020,1430000000000000127
Thr May 21 2020,1430000000000000128
Thr May 21 2020,1430000000000000129
Thr May 21 2020,1430000000000000130
Thr May 21 2020,1430000000000000131
Thr May 21 2020,1430000000000000132
Thr May 21 2020,1430000000000000133
Thr May 21 2020,1430000000000000134
Thr May 21 2020,1430000000000000135
Thr May 21 2020,1430000000000000136
Thr May 21 2020,1430000000000000137
Thr May 21 2020,1430000000000000138
Thr May 21 2020,1430000000000000139
Thr May 21 2020,1430000000000000140
Thr May 21 2020,1430000000000000141
Thr May 21 2020,1430000000000000142
Thr May 21 2020,1430000000000000143
Thr May 21 2020,1430000000000000144
Thr May 21 2020,1430000000000000145
Thr May 21 2020,1430000000000000146
Thr May 21 2020,1430000000000000147
Thr May 21 2020,1430000000000000148
Thr May 21 2020,1430000000000000149
Thr May 21 2020,1430000000000000150
Thr May 21 2020,1430000000000000151
Thr May 21 2020,1430000000000000152
Thr May 21 2020,1430000000000000153
Thr May 21 2020,1430000000000000154
Thr May 21 2020,1430000000000000155
Thr May 21 2020,1430000000000000156
Thr May 21 2020,1430000000000000157
Thr May 21 2020,1430000000000000158
Thr May 21 2020,1430000000000000159
Thr May 21 2020,1430000000000000160
Thr May 21 2020,1430000000000000161
Thr May 21 2020,1430000000000000162
Thr May 21 2020,1430000000000000163
Thr May 21 2020,1430000000000000164
Thr May 21 2020,1430000000000000165
Thr May 21 2020,1430000000000000166
Thr May 21 2020,1430000000000000167
Thr May 21 2020,1430000000000000168
Thr May 21 2020,1430000000000000169
Thr May 21 2020,1430000000000000170
Thr May 21 2020,1430000000000000171
Thr May 21 2020,1430000000000000172
Thr May 21 2020,1430000000000000173
Thr May 21 2020,1430000000000000174
Thr May 21 2020,1430000000000000175
Thr May 21 2020,1430000000000000176
Thr May 21 2020,1430000000000000177
Thr May 21 2020,1430000000000000178
Thr May 21 2020,1430000000000000179
Thr May 21 2020,1430000000000000180
Thr May 21 2020,1430000000000000181
Thr May 21 2020,1430000000000000182
Fri May 22 2020,9999999999999999021
Fri May 22 2020,9999999999999999011
Fri May 22 2020,9999999999999999088
Fri May 22 2020,9999999999999999085
Fri May 22 2020,9999999999999999021
Fri May 22 2020,9999999999999999098
Fri May 22 2020,1530000000000000000
Fri May 22 2020,1530000000000000001
Fri May 22 2020,1530000000000000002
Fri May 22 2020,1530000000000000003
Fri May 22 2020,1530000000000000004
Fri May 22 2020,1530000000000000005
Fri May 22 2020,1530000000000000006
Fri May 22 2020,1530000000000000007
Fri May 22 2020,1530000000000000008
Fri May 22 2020,1530000000000000009
Fri May 22 2020,1530000000000000010
Fri May 22 2020,1530000000000000011
Fri May 22 2020,1530000000000000012
Fri May 22 2020,1530000000000000013
Fri May 22 2020,1530000000000000014
Fri May 22 2020,1530000000000000015
Fri May 22 2020,1530000000000000016
Fri May 22 2020,1530000000000000017
Fri May 22 2020,1530000000000000018
Fri May 22 2020,1530000000000000019
Fri May 22 2020,1530000000000000020
Fri May 22 2020,1530000000000000021
Fri May 22 2020,1530000000000000022
Fri May 22 2020,1530000000000000023
Fri May 22 2020,1530000000000000024
Fri May 22 2020,1530000000000000025
Fri May 22 2020,1530000000000000026
Fri May 22 2020,1530000000000000027
Fri May 22 2020,1530000000000000028
Fri May 22 2020,1530000000000000029
Fri May 22 2020,1530000000000000030
Fri May 22 2020,1530000000000000031
Fri May 22 2020,1530000000000000032
Fri May 22 2020,1530000000000000033
Fri May 22 2020,1530000000000000034
Fri May 22 2020,1530000000000000035
Fri May 22 2020,1530000000000000036
Fri May 22 2020,1530000000000000037
Fri May 22 2020,1530000000000000038
Fri May 22 2020,1530000000000000039
Fri May 22 2020,1530000000000000040
Fri May 22 2020,1530000000000000041
Fri May 22 2020,1530000000000000042
Fri May 22 2020,1530000000000000043
Fri May 22 2020,1530000000000000044
Fri May 22 2020,1530000000000000045
Fri May 22 2020,1530000000000000046
Fri May 22 2020,1530000000000000047
Fri May 22 2020,1530000000000000048
Fri May 22 2020,1530000000000000049
Fri May 22 2020,1530000000000000050
Fri May 22 2020,1530000000000000051
Fri May 22 2020,1530000000000000052
Fri May 22 2020,1530000000000000053
Fri May 22 2020,1530000000000000054
Fri May 22 2020,1530000000000000055
Fri May 22 2020,1530000000000000056
Fri May 22 2020,1530000000000000057
Fri May 22 2020,1530000000000000058
Fri May 22 2020,1530000000000000059
Fri May 22 2020,1530000000000000060
Fri May 22 2020,1530000000000000061
Fri May 22 2020,1530000000000000062
Fri May 22 2020,1530000000000000063
Fri May 22 2020,1530000000000000064
Fri May 22 2020,1530000000000000065
Fri May 22 2020,1530000000000000066
Fri May 22 2020,1530000000000000067
Fri May 22 2020,1530000000000000068
Fri May 22 2020,1530000000000000069
Fri May 22 2020,1530000000000000070
Fri May 22 2020,1530000000000000071
Fri May 22 2020,1530000000000000072
Fri May 22 2020,1530000000000000073
Fri May 22 2020,1530000000000000074
Fri May 22 2020,1530000000000000075
Fri May 22 2020,1530000000000000076
Fri May 22 2020,1530000000000000077
Fri May 22 2020,1530000000000000078
Fri May 22 2020,1530000000000000079
Fri May 22 2020,1530000000000000080
Fri May 22 2020,1530000000000000081
Fri May 22 2020,1530000000000000082
Fri May 22 2020,1530000000000000083
Fri May 22 2020,1530000000000000084
Fri May 22 2020,1530000000000000085
Fri May 22 2020,1530000000000000086
Fri May 22 2020,1530000000000000087
Fri May 22 2020,1530000000000000088
Fri May 22 2020,1530000000000000089
Fri May 22 2020,1530000000000000090
Fri May 22 2020,1530000000000000091
Fri May 22 2020,1530000000000000092
Fri May 22 2020,1530000000000000093
Fri May 22 2020,1530000000000000094
Fri May 22 2020,1530000000000000095
Fri May 22 2020,1530000000000000096
Fri May 22 2020,1530000000000000097
Fri May 22 2020,1530000000000000098
Fri May 22 2020,1530000000000000099
Fri May 22 2020,1530000000000000100
Fri May 22 2020,1530000000000000101
Fri May 22 2020,1530000000000000102
Fri May 22 2020,1530000000000000103
Fri May 22 2020,1530000000000000104
Fri May 22 2020,1530000000000000105
Fri May 22 2020,1530000000000000106
Fri May 22 2020,1530000000000000107
Fri May 22 2020,1530000000000000108
Fri May 22 2020,1530000000000000109
Fri May 22 2020,1530000000000000110
Fri May 22 2020,1530000000000000111
Fri May 22 2020,1530000000000000112
Fri May 22 2020,1530000000000000113
Fri May 22 2020,1530000000000000114
Fri May 22 2020,1530000000000000115
Fri May 22 2020,1530000000000000116
Fri May 22 2020,1530000000000000117
Fri May 22 2020,1530000000000000118
Fri May 22 2020,1530000000000000119
Fri May 22 2020,1530000000000000120
Fri May 22 2020,1530000000000000121
Fri May 22 2020,1530000000000000122
Fri May 22 2020,1530000000000000123
Fri May 22 2020,1530000000000000124
Fri May 22 2020,1530000000000000125
Fri May 22 2020,1530000000000000126
Fri May 22 2020,1530000000000000127
Fri May 22 2020,1530000000000000128
Fri May 22 2020,1530000000000000129
Fri May 22 2020,1530000000000000130
Fri May 22 2020,1530000000000000131
Fri May 22 2020,1530000000000000132
Fri May 22 2020,1530000000000000133
Fri May 22 2020,1530000000000000134
Fri May 22 2020,1530000000000000135
Fri May 22 2020,1530000000000000136
Fri May 22 2020,1530000000000000137
Fri May 22 2020,1530000000000000138
Fri May 22 2020,1530000000000000139
Fri May 22 2020,1530000000000000140
Fri May 22 2020,1530000000000000141
Fri May 22 2020,1530000000000000142
Fri May 22 2020,1530000000000000143
Fri May 22 2020,1530000000000000144
Fri May 22 2020,1530000000000000145
Fri May 22 2020,1530000000000000146
Fri May 22 2020,1530000000000000147
Fri May 22 2020,1530000000000000148
Fri May 22 2020,1530000000000000149
Fri May 22 2020,1530000000000000150
Fri May 22 2020,1530000000000000151
Sat May 23 2020,9999999999999999039
Sat May 23 2020,9999999999999999027
Sat May 23 2020,9999999999999999086
Sat May 23 2020,9999999999999999098
Sat May 23 2020,9999999999999999084
Sat May 23 2020,9999999999999999024
Sat May 23 2020,9999999999999999032
Sat May 23 2020,9999999999999999095
Sat May 23 2020,9999999999999999012
Sat May 23 2020,9999999999999999086
Sat May 23 2020,9999999999999999097
Sat May 23 2020,9999999999999999092
Sat May 23 2020,1630000000000000000
Sat May 23 2020,1630000000000000001
Sat May 23 2020,1630000000000000002
Sat May 23 2020,1630000000000000003
Sat May 23 2020,1630000000000000004
Sat May 23 2020,1630000000000000005
Sat May 23 2020,1630000000000000006
Sat May 23 2020,1630000000000000007
Sat May 23 2020,1630000000000000008
Sat May 23 2020,1630000000000000009
Sat May 23 2020,1630000000000000010
Sat May 23 2020,1630000000000000011
Sat May 23 2020,1630000000000000012
Sat May 23 2020,1630000000000000013
Sat May 23 2020,1630000000000000014
Sat May 23 2020,1630000000000000015
Sat May 23 2020,1630000000000000016
Sat May 23 2020,1630000000000000017
Sat May 23 2020,1630000000000000018
Sat May 23 2020,1630000000000000019
Sat May 23 2020,1630000000000000020
Sat May 23 2020,1630000000000000021
Sat May 23 2020,1630000000000000022
Sat May 23 2020,1630000000000000023
Sat May 23 2020,1630000000000000024
Sat May 23 2020,1630000000000000025
Sat May 23 2020,1630000000000000026
Sat May 23 2020,1630000000000000027
Sat May 23 2020,1630000000000000028
Sat May 23 2020,1630000000000000029
Sat May 23 2020,1630000000000000030
Sat May 23 2020,1630000000000000031
Sat May 23 2020,1630000000000000032
Sat May 23 2020,1630000000000000033
Sat May 23 2020,1630000000000000034
Sat May 23 2020,1630000000000000035
Sat May 23 2020,1630000000000000036
Sat May 23 2020,1630000000000000037
Sat May 23 2020,1630000000000000038
Sat May 23 2020,1630000000000000039
Sat May 23 2020,1630000000000000040
Sat May 23 2020,1630000000000000041
Sat May 23 2020,1630000000000000042
Sat May 23 2020,1630000000000000043
Sat May 23 2020,1630000000000000044
Sat May 23 2020,1630000000000000045
Sat May 23 2020,1630000000000000046
Sat May 23 2020,1630000000000000047
Sat May 23 2020,1630000000000000048
Sat May 23 2020,1630000000000000049
Sat May 23 2020,1630000000000000050
Sat May 23 2020,1630000000000000051
Sat May 23 2020,1630000000000000052
Sat May 23 2020,1630000000000000053
Sat May 23 2020,1630000000000000054
Sat May 23 2020,1630000000000000055
Sat May 23 2020,1630000000000000056
Sat May 23 2020,1630000000000000057
Sat May 23 2020,1630000000000000058
Sat May 23 2020,1630000000000000059
Sat May 23 2020,1630000000000000060
Sat May 23 2020,1630000000000000061
Sat May 23 2020,1630000000000000062
Sat May 23 2020,1630000000000000063
Sat May 23 2020,1630000000000000064
Sat May 23 2020,1630000000000000065
Sat May 23 2020,1630000000000000066
Sat May 23 2020,1630000000000000067
Sat May 23 2020,1630000000000000068
Sat May 23 2020,1630000000000000069
Sat May 23 2020,1630000000000000070
Sat May 23 2020,1630000000000000071
Sat May 23 2020,1630000000000000072
Sat May 23 2020,1630000000000000073
Sat May 23 2020,1630000000000000074
Sat May 23 2020,1630000000000000075
Sat May 23 2020,1630000000000000076
Sat May 23 2020,1630000000000000077
Sat May 23 2020,1630000000000000078
Sat May 23 2020,1630000000000000079
Sat May 23 2020,1630000000000000080
Sat May 23 2020,1630000000000000081
Sat May 23 2020,1630000000000000082
Sat May 23 2020,1630000000000000083
Sat May 23 2020,1630000000000000084
Sat May 23 2020,1630000000000000085
Sat May 23 2020,1630000000000000086
Sat May 23 2020,1630000000000000087
Sat May 23 2020,1630000000000000088
Sat May 23 2020,1630000000000000089
Sat May 23 2020,1630000000000000090
Sat May 23 2020,1630000000000000091
Sat May 23 2020,1630000000000000092
Sat May 23 2020,1630000000000000093
Sat May 23 2020,1630000000000000094
Sat May 23 2020,1630000000000000095
Sat May 23 2020,1630000000000000096
Sat May 23 2020,1630000000000000097
Sat May 23 2020,1630000000000000098
Sat May 23 2020,1630000000000000099
Sat May 23 2020,1630000000000000100
Sat May 23 2020,1630000000000000101
Sat May 23 2020,1630000000000000102
Sat May 23 2020,1630000000000000103
Sat May 23 2020,1630000000000000104
Sat May 23 2020,1630000000000000105
Sat May 23 2020,1630000000000000106
Sat May 23 2020,1630000000000000107
Sat May 23 2020,1630000000000000108
Sat May 23 2020,1630000000000000109
Sat May 23 2020,1630000000000000110
Sat May 23 2020,1630000000000000111
Sat May 23 2020,1630000000000000112
Sat May 23 2020,1630000000000000113
Sat May 23 2020,1630000000000000114
Sat May 23 2020,1630000000000000115
Sat May 23 2020,1630000000000000116
Sat May 23 2020,1630000000000000117
Sat May 23 2020,1630000000000000118
Sat May 23 2020,1630000000000000119
Sat May 23 2020,1630000000000000120
Sat May 23 2020,1630000000000000121
Sat May 23 2020,1630000000000000122
Sat May 23 2020,1630000000000000123
Sat May 23 2020,1630000000000000124
Sat May 23 2020,1630000000000000125
Sat May 23 2020,1630000000000000126
Sat May 23 2020,1630000000000000127
Sat May 23 2020,1630000000000000128
Sat May 23 2020,1630000000000000129
Sat May 23 2020,1630000000000000130
Sat May 23 2020,1630000000000000131
Sat May 23 2020,1630000000000000132
Sat May 23 2020,1630000000000000133
Sat May 23 2020,1630000000000000134
Sat May 23 2020,1630000000000000135
Sat May 23 2020,1630000000000000136
Sat May 23 2020,1630000000000000137
Sat May 23 2020,1630000000000000138
Sat May 23 2020,1630000000000000139
Sat May 23 2020,1630000000000000140
Sat May 23 2020,1630000000000000141
Sat May 23 2020,1630000000000000142
Sat May 23 2020,1630000000000000143
Sat May 23 2020,1630000000000000144
Sat May 23 2020,1630000000000000145
Sat May 23 2020,1630000000000000146
Sat May 23 2020,1630000000000000147
Sat May 23 2020,1630000000000000148
Sat May 23 2020,1630000000000000149
Sat May 23 2020,1630000000000000150
Sat May 23 2020,1630000000000000151
Sat May 23 2020,1630000000000000152
Sat May 23 2020,1630000000000000153
Sat May 23 2020,1630000000000000154
Sat May 23 2020,1630000000000000155
Sat May 23 2020,1630000000000000156
Sat May 23 2020,1630000000000000157
Sat May 23 2020,1630000000000000158
Sat May 23 2020,1630000000000000159
Sat May 23 2020,1630000000000000160
Sat May 23 2020,1630000000000000161
Sat May 23 2020,1630000000000000162
Sat May 23 2020,1630000000000000163
Sat May 23 2020,1630000000000000164
Sat May 23 2020,1630000000000000165
Sat May 23 2020,1630000000000000166
Sat May 23 2020,1630000000000000167
Sat May 23 2020,1630000000000000168
Sat May 23 2020,1630000000000000169
Sat May 23 2020,1630000000000000170
Sat May 23 2020,1630000000000000171
Sat May 23 2020,1630000000000000172
Sat May 23 2020,1630000000000000173
Sat May 23 2020,1630000000000000174
Sat May 23 2020,1630000000000000175
Sat May 23 2020,1630000000000000176
Sat May 23 2020,1630000000000000177
Sat May 23 2020,1630000000000000178
Sat May 23 2020,1630000000000000179
Sat May 23 2020,1630000000000000180
Sat May 23 2020,1630000000000000181
Sat May 23 2020,1630000000000000182
Sat May 23 2020,1630000000000000183
Sat May 23 2020,1630000000000000184
Sun May 24 2020,9999999999999999045
Sun May 24 2020,9999999999999999035
Sun May 24 2020,9999999999999999013
Sun May 24 2020,9999999999999999040
Sun May 24 2020,9999999999999999077
Sun May 24 2020,9999999999999999020
Sun May 24 2020,9999999999999999029
Sun May 24 2020,9999999999999999050
Sun May 24 2020,1730000000000000000
Sun May 24 2020,1730000000000000001
Sun May 24 2020,1730000000000000002
Sun May 24 2020,1730000000000000003
Sun May 24 2020,1730000000000000004
Sun May 24 2020,1730000000000000005
Sun May 24 2020,1730000000000000006
Sun May 24 2020,1730000000000000007
Sun May 24 2020,1730000000000000008
Sun May 24 2020,1730000000000000009
Sun May 24 2020,1730000000000000010
Sun May 24 2020,1730000000000000011
Sun May 24 2020,1730000000000000012
Sun May 24 2020,1730000000000000013
Sun May 24 2020,1730000000000000014
Sun May 24 2020,1730000000000000015
Sun May 24 2020,1730000000000000016
Sun May 24 2020,1730000000000000017
Sun May 24 2020,1730000000000000018
Sun May 24 2020,1730000000000000019
Sun May 24 2020,1730000000000000020
Sun May 24 2020,1730000000000000021
Sun May 24 2020,1730000000000000022
Sun May 24 2020,1730000000000000023
Sun May 24 2020,1730000000000000024
Sun May 24 2020,1730000000000000025
Sun May 24 2020,1730000000000000026
Sun May 24 2020,1730000000000000027
Sun May 24 2020,1730000000000000028
Sun May 24 2020,1730000000000000029
Sun May 24 2020,1730000000000000030
Sun May 24 2020,1730000000000000031
Sun May 24 2020,1730000000000000032
Sun May 24 2020,1730000000000000033
Sun May 24 2020,1730000000000000034
Sun May 24 2020,1730000000000000035
Sun May 24 2020,1730000000000000036
Sun May 24 2020,1730000000000000037
Sun May 24 2020,1730000000000000038
Sun May 24 2020,1730000000000000039
Sun May 24 2020,1730000000000000040
Sun May 24 2020,1730000000000000041
Sun May 24 2020,1730000000000000042
Sun May 24 2020,1730000000000000043
Sun May 24 2020,1730000000000000044
Sun May 24 2020,1730000000000000045
Sun May 24 2020,1730000000000000046
Sun May 24 2020,1730000000000000047
Sun May 24 2020,1730000000000000048
Sun May 24 2020,1730000000000000049
Sun May 24 2020,1730000000000000050
Sun May 24 2020,1730000000000000051
Sun May 24 2020,1730000000000000052
Sun May 24 2020,1730000000000000053
Sun May 24 2020,1730000000000000054
Sun May 24 2020,1730000000000000055
Sun May 24 2020,1730000000000000056
Sun May 24 2020,1730000000000000057
Sun May 24 2020,1730000000000000058
Sun May 24 2020,1730000000000000059
Sun May 24 2020,1730000000000000060
Sun May 24 2020,1730000000000000061
Sun May 24 2020,1730000000000000062
Sun May 24 2020,1730000000000000063
Sun May 24 2020,1730000000000000064
Sun May 24 2020,1730000000000000065
Sun May 24 2020,1730000000000000066
Sun May 24 2020,1730000000000000067
Sun May 24 2020,1730000000000000068
Sun May 24 2020,1730000000000000069
Sun May 24 2020,1730000000000000070
Sun May 24 2020,1730000000000000071
Sun May 24 2020,1730000000000000072
Sun May 24 2020,1730000000000000073
Sun May 24 2020,1730000000000000074
Sun May 24 2020,1730000000000000075
Sun May 24 2020,1730000000000000076
Sun May 24 2020,1730000000000000077
Sun May 24 2020,1730000000000000078
Sun May 24 2020,1730000000000000079
Sun May 24 2020,1730000000000000080
Sun May 24 2020,1730000000000000081
Sun May 24 2020,1730000000000000082
Sun May 24 2020,1730000000000000083
Sun May 24 2020,1730000000000000084
Sun May 24 2020,1730000000000000085
Sun May 24 2020,1730000000000000086
Sun May 24 2020,1730000000000000087
Sun May 24 2020,1730000000000000088
Sun May 24 2020,1730000000000000089
Sun May 24 2020,1730000000000000090
Sun May 24 2020,1730000000000000091
Sun May 24 2020,1730000000000000092
Sun May 24 2020,1730000000000000093
Sun May 24 2020,1730000000000000094
Sun May 24 2020,1730000000000000095
Sun May 24 2020,1730000000000000096
Sun May 24 2020,1730000000000000097
Sun May 24 2020,1730000000000000098
Sun May 24 2020,1730000000000000099
Sun May 24 2020,1730000000000000100
Sun May 24 2020,1730000000000000101
Sun May 24 2020,1730000000000000102
Sun May 24 2020,1730000000000000103
Sun May 24 2020,1730000000000000104
Sun May 24 2020,1730000000000000105
Sun May 24 2020,1730000000000000106
Sun May 24 2020,1730000000000000107
Sun May 24 2020,1730000000000000108
Sun May 24 2020,1730000000000000109
Sun May 24 2020,1730000000000000110
Sun May 24 2020,1730000000000000111
Sun May 24 2020,1730000000000000112
Sun May 24 2020,1730000000000000113
Sun May 24 2020,1730000000000000114
Sun May 24 2020,1730000000000000115
Sun May 24 2020,1730000000000000116
Sun May 24 2020,1730000000000000117
Sun May 24 2020,1730000000000000118
Sun May 24 2020,1730000000000000119
Sun May 24 2020,1730000000000000120
Sun May 24 2020,1730000000000000121
Sun May 24 2020,1730000000000000122
Sun May 24 2020,1730000000000000123
Sun May 24 2020,1730000000000000124
Sun May 24 2020,1730000000000000125
Sun May 24 2020,1730000000000000126
Sun May 24 2020,1730000000000000127
Sun May 24 2020,1730000000000000128
Sun May 24 2020,1730000000000000129
Sun May 24 2020,1730000000000000130
Sun May 24 2020,1730000000000000131
Sun May 24 2020,1730000000000000132
Sun May 24 2020,1730000000000000133
Sun May 24 2020,1730000000000000134
Sun May 24 2020,1730000000000000135
Sun May 24 2020,1730000000000000136
Sun May 24 2020,1730000000000000137
Sun May 24 2020,1730000000000000138
Sun May 24 2020,1730000000000000139
Sun May 24 2020,1730000000000000140
Sun May 24 2020,1730000000000000141
Sun May 24 2020,1730000000000000142
Sun May 24 2020,1730000000000000143
Sun May 24 2020,1730000000000000144
Sun May 24 2020,1730000000000000145
Sun May 24 2020,1730000000000000146
Sun May 24 2020,1730000000000000147
Sun May 24 2020,1730000000000000148
Sun May 24 2020,1730000000000000149
Sun May 24 2020,1730000000000000150
Sun May 24 2020,1730000000000000151
Sun May 24 2020,1730000000000000152
Sun May 24 2020,1730000000000000153
Sun May 24 2020,1730000000000000154
Sun May 24 2020,1730000000000000155
Sun May 24 2020,1730000000000000156
Sun May 24 2020,1730000000000000157
Sun May 24 2020,1730000000000000158
Sun May 24 2020,1730000000000000159
Sun May 24 2020,1730000000000000160
Sun May 24 2020,1730000000000000161
Sun May 24 2020,1730000000000000162
